{"aAcc": 51.67, "mIoU": 6.51, "mAcc": 10.46, "data_time": 0.0019411480821989835, "time": 0.08685904190954391}